area_danji_id,danji_room_type_id,area_danji_name,danji_room_type_name,item_count
4555,7969,성원이화2차,73,1
4556,7970,성원1차이화,104,0
4556,7971,성원1차이화,140,0
4556,7972,성원1차이화,77,2
4557,7975,신미주해당화,83,0
4558,7976,목련,66,0
4558,7977,목련,98,0
4559,7978,워커힐,185,0
4559,7980,워커힐,221,0
4559,7981,워커힐,254,0
4561,7987,민락1차청구,110,0
4561,7988,민락1차청구,126,0
4561,7990,민락1차청구,80A,6
4561,7991,민락1차청구,80B,0
4561,7992,민락1차청구,97,0
4562,7994,한신1차,87,0
4563,7995,동아,105,0
4563,7996,동아,106,0
4563,7997,동아,127,0
4565,7998,산들마을길훈신안현대,80,0
4565,7999,산들마을길훈신안현대,81,12
4566,8000,산들마을서광청구,110,4
4567,8002,목동신시가지7단지,106,0
4567,8003,목동신시가지7단지,121,1
4567,8004,목동신시가지7단지,72,1
4567,8005,목동신시가지7단지,74,0
4567,8006,목동신시가지7단지,78,0
4567,8007,목동신시가지7단지,89A,0
4569,8010,호수마을,105,2
4569,8011,호수마을,123,0
4569,8012,호수마을,130,2
4569,8013,호수마을,145,0
4569,8014,호수마을,169,0
4569,8015,호수마을,94,0
4570,187888,용현동문1단지,112,2
4571,8016,보광,61,2
4571,8020,보광,71,0
4571,8021,보광,82,0
4572,8023,용현세아2차,109,2
4572,8025,용현세아2차,85,2
4573,8027,두산,111,4
4573,431366,두산,86B,0
4574,31858,금용,83,0
4574,31859,금용,107,2
4575,23029,공촌경남,104,2
4575,23030,공촌경남,109,0
4576,176062,청아,93,0
4578,228725,산호,71,2
4580,8032,푸른마을인덕원대우,108,0
4580,8034,푸른마을인덕원대우,81B,0
4581,22986,동남,105,0
4582,8035,상대원선경,69,4
4583,8036,한강한신,112,0
4583,8037,한강한신,78,4
4584,8038,삼익상대원,46,2
4585,23032,광명,107,0
4585,23034,광명,82,0
4592,8039,구리두산,79,0
4595,8041,청학주공4단지,83,0
4603,31911,상우3차,142,0
4604,31913,등촌마을청구,104,0
4605,8048,다산한신휴플러스,107,3
4605,8049,다산한신휴플러스,82,0
4606,8050,금강,111,1
4606,8052,금강,145,1
4606,8053,금강,81,1
4607,8054,동성,78,0
4607,8055,동성,99,1
4608,8056,화성,109,1
4608,8058,화성,79,1
4609,8059,남양주한신그린,105,1
4609,8060,남양주한신그린,74,1
4610,8063,성원,106,6
4610,8065,성원,79A,0
4610,8066,성원,79B,2
4611,8067,일신건영,106,2
4611,8068,일신건영,159,2
4613,8072,라인그린,104,1
4613,8073,라인그린,78,0
4615,8078,현대1차,83,0
4616,31916,한도2차,57,0
4616,31917,한도2차,88,2
4618,237074,충일,76,0
4619,20575,한신그린1단지,88,0
4619,20576,한신그린1단지,103A,1
4619,20577,한신그린1단지,103B,3
4620,8081,진접한일,108,1
4620,8082,진접한일,76,1
4621,8084,세종리젠시빌,77,1
4623,8086,효성타운,107,1
4623,8088,효성타운,80B,1
4623,8089,효성타운,80A,0
4624,8090,큰마을경성1단지,110,1
4624,8091,큰마을경성1단지,80,0
4625,8092,마석건영,102,0
4625,8093,마석건영,74,0
4626,31921,삼청장미,79,0
4626,31922,삼청장미,86,0
4627,31923,신한일,60,2
4627,31924,신한일,63,0
4629,31929,아남,103,0
4632,8097,길훈1차,107D,3
4632,8098,길훈1차,113B,3
4632,8100,길훈1차,108A,3
4632,410232,길훈1차,113A,3
4633,8103,길훈2차,72B,3
4634,8106,극동,144,2
4634,8107,극동,75,0
4638,228732,과천타워,109,0
4640,8114,장현주공2단지,82,1
4641,8115,대명,107,0
4641,8116,대명,157,0
4641,8117,대명,80,0
4645,8120,로얄,61,0
4645,8121,로얄,68,0
4645,8122,로얄,70,0
4647,31941,한주,85,1
4648,185849,선경아트빌,73,1
4650,187895,벽산그랜드코아,164,2
4652,20578,한신그린3단지,79,1
4652,20579,한신그린3단지,105,3
4654,8125,영남탑스빌,121,0
4654,8126,영남탑스빌,157,0
4654,8127,영남탑스빌,160,3
4656,8129,동진1차,47,0
4656,8130,동진1차,54,0
4659,8134,벽산,131,0
4659,8136,벽산,69,0
4659,8137,벽산,81,1
4659,8138,벽산,92,0
4661,8142,화남2차,103,1
4662,31946,장안,85,1
4663,176070,현대,60,0
4663,176072,현대,69,0
4664,31948,금강1차,78,1
4664,31949,금강1차,79,0
4664,31950,금강1차,95,1
4665,228747,제성,66,0
4667,31958,대명1차,95,0
4668,8148,태헌3차,68,0
4668,8149,태헌3차,72,3
4668,8150,태헌3차,76,0
4670,31961,청구,110,0
4671,31962,은성,50,0
4671,31965,은성,64,2
4672,228750,희망,84,0
4673,8154,권선3주공1단지,114A,0
4673,8155,권선3주공1단지,66,0
4673,8156,권선3주공1단지,79,8
4674,8157,신미주,102,4
4674,8159,신미주,170,0
4674,8160,신미주,81,2
4675,147422,동남,60,1
4676,31966,건양1차,85,2
4677,8164,삼두,63B,0
4679,31968,현대2차,101,1
4682,31969,벽산,80,2
4683,31972,정자신호,84,0
4683,31973,정자신호,108,0
4684,185854,무진,103,2
4685,8167,늘푸른벽산,109,4
4685,8168,늘푸른벽산,147,2
4685,8169,늘푸른벽산,171,4
4685,8171,늘푸른벽산,80,2
4687,8172,거산,105,4
4687,8173,거산,84,2
4688,31975,늘푸른벽산,55,1
4688,31976,늘푸른벽산,109,1
4689,8176,남서울그린맨션,121,0
4692,8181,벽산,90,0
4693,8182,영광,103B,0
4693,8184,영광,92,0
4695,31981,금강2차,85,1
4699,8185,뉴월드,107,0
4700,31985,산호,64,0
4700,31986,산호,67,1
4702,8191,성도,79,1
4703,31990,목화,95,0
4705,8192,화남,109,0
4705,8193,화남,81,1
4706,8195,한진현대,120,0
4706,8196,한진현대,141,0
4706,8197,한진현대,163,0
4707,228759,동우,59,0
4708,8198,숲속마을벽산임광1단지,110,0
4708,8199,숲속마을벽산임광1단지,123,0
4708,8202,숲속마을벽산임광1단지,78,4
4708,147423,숲속마을벽산임광1단지,161,0
4708,147424,숲속마을벽산임광1단지,79,0
4709,8203,연성대우3차,106,2
4709,8204,연성대우3차,109,0
4710,32000,가야,79,2
4711,176079,세원,59,2
4713,32003,적성,69,2
4715,8213,도현현대아이파크,112,0
4715,8214,도현현대아이파크,130,4
4716,185858,동진,97,0
4717,8219,현대,74,0
4718,8221,극동,107,1
4718,8223,극동,81,0
4719,8224,삼호,46,0
4719,8226,삼호,48,0
4719,8227,삼호,52,0
4719,8231,삼호,58,1
4721,8233,매화마을홍익,108,1
4721,8234,매화마을홍익,85,1
4723,8235,우성1차,55,0
4724,8239,래미안인덕원더포인트,109B,2
4725,8242,영풍,109,4
4726,32017,일신,106,0
4727,8244,오산운암주공5단지,64,0
4727,8246,오산운암주공5단지,77,1
4728,8248,동문5차,71,0
4729,32018,영광,79,1
4732,32024,서능2차,87,1
4733,176089,영동,68,0
4734,176090,명신,74,0
4735,8250,부국미산,55,1
4736,32026,상아그린,54,0
4736,32027,상아그린,85,0
4738,228766,동경5차,72,0
4739,32031,세우,58,2
4739,32032,세우,61,2
4740,8252,창현주공,76,0
4741,32033,기산,75,0
4742,185859,장안,64,0
4742,185860,장안,73,0
4743,32036,노송,61,2
4743,32037,노송,68,0
4744,32038,동진맨션,104,0
4745,32042,한영,73,1
4746,32044,동진,75,0
4747,8253,태산,102A,1
4747,8255,태산,103C,1
4747,8256,태산,76,1
4747,8257,태산,89A,2
4748,228771,아카데미테마타운,68,0
4749,185862,우성3차,98,2
4750,32046,인덕원대림1차,79,0
4750,32052,인덕원대림1차,113A,2
4750,32053,인덕원대림1차,113B,0
4751,8259,만현마을7단지쌍용1차,106,2
4751,8261,만현마을7단지쌍용1차,169,4
4752,32055,운양까치,108,1
4753,32057,우성4차,61,1
4754,8263,진달래,104,3
4754,8267,진달래,79,1
4755,8268,풍림,109,4
4755,147425,풍림,141,2
4755,147426,풍림,85,0
4756,8271,매탄삼성3차,82,0
4758,8272,민들레베스파트,106,0
4758,8273,민들레베스파트,144,0
4758,8274,민들레베스파트,74,0
4759,8275,한일나래,109,2
4759,8276,한일나래,84,2
4759,8277,한일나래,85,0
4762,195003,장안,95,0
4763,8278,예진피렌체빌리지2차,115,0
4763,8279,예진피렌체빌리지2차,176,0
4764,8281,금오세아,147,0
4764,8282,금오세아,90,0
4765,8283,신도9차전원마을,108,1
4765,8285,신도9차전원마을,163,1
4765,8286,신도9차전원마을,82,0
4766,8288,녹양대림,107B,0
4766,8289,녹양대림,146,1
4767,228793,동남장미1차,85,0
4774,8313,장안미우5차,103,1
4774,8315,장안미우5차,84,1
4779,32071,연희,60,2
4780,32073,우성2차,67,2
4780,32074,우성2차,84,4
4781,32075,궁전,60,1
4782,32076,수정,77,0
4783,8320,한아름2차,108,1
4783,8321,한아름2차,75,3
4784,8325,효성청솔,77,0
4788,8340,한라,112,0
4788,8341,한라,150,1
4788,8342,한라,171,2
4795,32087,동원2차,71,2
4795,32089,동원2차,88,0
4795,32090,동원2차,101,0
4810,8356,숲속마을2단지,78A,2
4810,8357,숲속마을2단지,78B,4
4811,8359,동부새롬,112,0
4811,8360,동부새롬,78,0
4813,32130,신도3차,108,0
4825,8370,매화,108,0
4825,8371,매화,84,2
4880,8372,문화,69,0
5008,8373,우성1차,102,0
5008,8374,우성1차,133,2
5009,176112,천호현대아이파크,88,3
5009,176113,천호현대아이파크,118,0
5009,176115,천호현대아이파크,173,0
5009,176117,천호현대아이파크,202,0
5010,8375,신림주공1단지,86,0
5011,32691,현대성우,107,0
5017,166711,한화진넥스빌,46,0
5017,166712,한화진넥스빌,52,2
5017,166713,한화진넥스빌,55,0
5017,166715,한화진넥스빌,58,2
5017,166716,한화진넥스빌,68,0
5018,176120,우정,84,0
5020,32709,SK,84,0
5021,8376,현대1단지,109A,0
5021,8377,현대1단지,146,0
5021,8378,현대1단지,82,0
5022,228809,희훈타워빌,156,2
5022,228810,희훈타워빌,158,0
5031,147451,신동아,102,0
5031,147452,신동아,61,4
5031,147453,신동아,72,2
5031,147454,신동아,87,0
5033,8393,휘경베스트빌현대,104,1
5033,8394,휘경베스트빌현대,136,0
5033,8395,휘경베스트빌현대,84,0
5034,147456,성원,108B,0
5034,147460,성원,87,2
5035,8404,서초한빛삼성,84,0
5037,32729,잠원2차중앙하이츠,83,0
5038,32734,우방,106,0
5038,32736,우방,144,1
5040,32737,신동아,84,0
5041,176128,현대타워,224,0
5042,176130,영풍,78,0
5043,32739,녹번현대2차,114,0
5046,32746,천호롯데,108,0
5047,8406,관악드림타운,109,0
5047,8407,관악드림타운,127,2
5047,8408,관악드림타운,141,4
5047,8409,관악드림타운,80,0
5047,8410,관악드림타운,82A,0
5047,8411,관악드림타운,82B,2
5047,8412,관악드림타운,82D,0
5048,8413,태릉우성,105,4
5048,8414,태릉우성,84,0
5049,32749,노원우성,101,0
5050,8415,한신,108,0
5050,8416,한신,141,0
5050,8417,한신,83,0
5052,8422,효성,86,2
5052,8423,효성,99,4
5053,32751,신동아타워,83,0
5054,8427,현대,85,0
5055,176141,정우맨션,143,4
5058,239589,동대문맨션,83,0
5059,8428,창신쌍용1단지,100,0
5059,8430,창신쌍용1단지,72,0
5063,8432,이촌동부센트레빌,132A,0
5063,8433,이촌동부센트레빌,132B,0
5064,32761,삼성,85,2
5064,32762,삼성,108A,0
5067,8443,동성7차,84,0
5070,8444,우남,107,0
5070,8446,우남,198,1
5070,8450,우남,88,0
5071,32773,현대2차,100,0
5071,32774,현대2차,112A,2
5074,228828,대보,58B,3
5080,23078,태평,54,1
5080,23083,태평,75,0
5082,21519,신비마을,69,2
5084,32797,부성,75,2
5085,176158,연진,67,0
5086,22091,우주,109,0
5087,21338,라이프1차,107B,2
5087,21343,라이프1차,90A,0
5087,21344,라이프1차,93,1
5088,21347,라이프2차,124A,1
5088,21352,라이프2차,58A,0
5089,228834,현대리버빌,240,6
5091,32799,원흥,62,2
5091,32800,원흥,69,2
5092,22993,진달래2차,52,0
5093,32803,극동,79,1
5094,21394,삼보,79A,1
5095,21358,라이프3차,101,1
5095,21359,라이프3차,102,0
5097,8457,현대,103A,0
5097,8458,현대,103B,0
5099,21784,영남,73,2
5110,8462,벽산,168,0
5110,147461,벽산,108,3
5110,147462,벽산,88,0
5111,228838,금보,58,2
5113,228846,삼미,53,0
5114,32824,삼영,58,1
5126,32859,잠원현대훼밀리,82,0
5128,21334,정광,57,0
5128,21335,정광,68,0
5128,21336,정광,76,0
5129,32861,현대,98,0
5129,32862,현대,100,0
5130,22247,한양,106,4
5130,22248,한양,78,0
5131,22102,인향,109,1
5132,176163,신흥누리타워,122,0
5132,176164,신흥누리타워,138,0
5140,23216,나산,109,0
5140,23217,나산,89,3
5142,22081,문남마을,59,1
5162,23117,미도,80,2
5162,23119,미도,94,0
5163,32941,희망,73,0
5166,228850,한덕,85,1
5179,32975,역곡현대,70B,0
5186,93241,삼희,98,1
5188,193507,잠실아이스페이스,72,0
5190,228854,동아,49,2
5191,176167,하남,57,0
5194,32998,고려,56,1
5194,246786,고려,63,0
5195,33002,동남,63,2
5195,33003,동남,71,4
5196,8472,벽산3차,109,1
5196,8473,벽산3차,82,0
5197,8474,김포길훈,105,3
5197,8476,김포길훈,74,6
5198,33008,동남,67B,4
5199,228856,동오,72,0
5200,33009,동서,58,0
5200,33011,동서,62B,2
5201,23540,신한,48,2
5203,8478,김포길훈4차,110B,2
5203,8479,김포길훈4차,77,0
5204,33013,삼용,55,0
5211,185878,영풍,85,1
5213,33021,백영,75,1
5216,22931,퀸스타운동성,108,3
5216,22932,퀸스타운동성,165,0
5216,22933,퀸스타운동성,80,6
5217,22431,퀸스타운신명,108,0
5217,22432,퀸스타운신명,165,3
5217,22433,퀸스타운신명,79,6
5217,22434,퀸스타운신명,80,0
5219,8481,성원,114,0
5219,8482,성원,80,0
5220,22934,퀸스타운길훈,108,0
5220,22935,퀸스타운길훈,79,3
5221,22049,금호타운,104,2
5221,22050,금호타운,125,0
5222,8483,현대,108,0
5222,8484,현대,142,0
5222,8485,현대,83,0
5224,8486,죽전퍼스트하임,106,1
5224,8487,죽전퍼스트하임,165,0
5224,8488,죽전퍼스트하임,75,0
5225,8489,동문미도,67,0
5225,8490,동문미도,74,2
5225,8491,동문미도,77,4
5226,33029,영화참마음,113A,0
5228,147465,풍림,103,0
5228,147466,풍림,78,3
5229,22462,신현대,108,0
5230,8492,금화마을대우현대,112,0
5230,8493,금화마을대우현대,131,0
5230,8494,금화마을대우현대,148,3
5230,8495,금화마을대우현대,176,0
5233,8496,석수LG빌리지,106,1
5233,8497,석수LG빌리지,78,1
5233,8498,석수LG빌리지,84,0
5235,8502,자양7차현대홈타운,111B,0
5235,8506,자양7차현대홈타운,78B,0
5235,8507,자양7차현대홈타운,81,0
5237,8513,삼정그린코아,113,0
5237,8514,삼정그린코아,145,1
5237,8515,삼정그린코아,154,1
5238,8518,인덕원동아에코빌,108A,4
5238,8520,인덕원동아에코빌,81,0
5239,8521,신도10차파크힐타운,109,0
5239,8522,신도10차파크힐타운,127,2
5239,8523,신도10차파크힐타운,81,2
5239,8524,신도10차파크힐타운,99,2
5240,33040,석바대마을동신,104B,0
5241,8525,갈현마을현대홈타운,83,2
5242,8526,강변성원,110,1
5242,8527,강변성원,148,0
5242,8528,강변성원,77,0
5244,8529,토평마을e편한세상,115,0
5246,8534,SK신일,114,6
5246,8535,SK신일,115,0
5247,8536,매탄권선역리버파크,68,2
5247,8537,매탄권선역리버파크,82,2
5249,8540,꽃뫼버들마을LG,116,5
5250,8541,비단마을영풍마드레빌,152,0
5260,20580,벽산타운2단지,81,0
5260,20581,벽산타운2단지,109,0
5260,20583,벽산타운2단지,168,0
5263,20864,벽산타운3단지,77,0
5263,20865,벽산타운3단지,78,0
5263,20866,벽산타운3단지,104,0
5263,20868,벽산타운3단지,106,0
5265,8549,덕소강변현대홈타운,213,1
5267,8554,벽산타운1단지,163,0
5267,8555,벽산타운1단지,79,2
5270,8556,벽산타운4단지,108,2
5270,8557,벽산타운4단지,81,0
5272,8558,신영통현대3단지,108,0
5272,8559,신영통현대3단지,109,0
5272,8560,신영통현대3단지,162,4
5272,8562,신영통현대3단지,81,0
5275,8563,한울마을2단지운정벽산블루밍,115,6
5275,8564,한울마을2단지운정벽산블루밍,145,0
5275,8566,한울마을2단지운정벽산블루밍,227,2
5275,8567,한울마을2단지운정벽산블루밍,95,0
5278,8568,해솔마을3단지운정현대,107,10
5278,8569,해솔마을3단지운정현대,131,6
5278,8570,해솔마을3단지운정현대,170,4
5278,8571,해솔마을3단지운정현대,199,0
5278,8572,해솔마을3단지운정현대,75A,0
5280,8575,월계한진한화그랑빌,109A,2
5280,8576,월계한진한화그랑빌,109B,2
5280,8577,월계한진한화그랑빌,145,2
5280,8578,월계한진한화그랑빌,168,0
5280,8580,월계한진한화그랑빌,82B,4
5281,8582,창동현대2차,116,0
5281,8584,창동현대2차,88,1
5282,8585,송내동신,100,4
5283,8588,꿈마을건영3단지,123,0
5283,8589,꿈마을건영3단지,157,0
5283,8590,꿈마을건영3단지,175,0
5284,33099,꿈마을건영5단지,157,2
5285,8591,주공19단지,108,0
5285,8592,주공19단지,118,1
5285,8593,주공19단지,126,0
5285,8594,주공19단지,77,0
5285,8597,주공19단지,96,0
5285,246789,주공19단지,85B,0
5286,8599,국제산장,103B,1
5286,8600,국제산장,76,0
5287,8602,금호타운1차,118,2
5288,21961,태평1차,80,0
5289,23426,태평2차,109,0
5289,23427,태평2차,144,1
5289,23429,태평2차,210,1
5296,8607,삼성,83,2
5297,33122,라이프,77A,1
5297,33124,라이프,110,0
5305,23546,부평현대2단지,102A,0
5305,23548,부평현대2단지,104,0
5305,23549,부평현대2단지,54,0
5305,23550,부평현대2단지,69,3
5305,23551,부평현대2단지,83,0
5305,23552,부평현대2단지,89,1
5313,8609,명수대현대,101,0
5313,8610,명수대현대,130,0
5313,8611,명수대현대,145,2
5313,8613,명수대현대,77,0
5318,33188,삼천리,59,0
5318,33189,삼천리,62,1
5319,23554,부평현대3단지,102,2
5319,23556,부평현대3단지,145,0
5319,23558,부평현대3단지,195,0
5319,23559,부평현대3단지,87,0
5320,8615,문촌마을3단지우성,123,0
5320,8616,문촌마을3단지우성,158,0
5321,8619,문촌마을1단지우성,104,2
5321,8620,문촌마을1단지우성,73,0
5321,8621,문촌마을1단지우성,87,0
5326,33204,대한,75,0
5326,33208,대한,177,2
5331,147476,현대홈타운2단지,104,0
5331,147477,현대홈타운2단지,136,0
5331,147480,현대홈타운2단지,82,0
5332,176172,뉴서울,67,0
5332,176173,뉴서울,78,2
5332,176174,뉴서울,96,0
5333,147481,뉴서울2차,100,6
5333,147482,뉴서울2차,90,0
5335,33246,백조,72,0
5336,228870,삼미,78,0
5337,33248,형제,79,8
5337,33252,형제,83B,2
5338,33253,한일,79,0
5338,33254,한일,82,4
5338,33256,한일,90,2
5342,8628,미주8차,112,4
5343,147483,현대2차,103,4
5344,176175,서강1차,84,0
5352,21851,아주,98,0
5353,22126,백산2차,106,0
5353,22128,백산2차,79,0
5354,22138,아주,106,0
5355,22164,현대2차,76,2
5355,147491,현대2차,107,1
5358,8638,벽산타운3단지,108,2
5358,8640,벽산타운3단지,84,4
5359,33296,한화,83,0
5360,8641,효자촌화성럭키,104,0
5360,8642,효자촌화성럭키,73,4
5360,8643,효자촌화성럭키,90,0
5361,8644,행당대림,104,0
5361,8645,행당대림,137,0
5361,8646,행당대림,83,0
5363,21897,담방마을,60C,0
5363,21898,담방마을,61A,0
5363,21899,담방마을,62,1
5363,21900,담방마을,65,0
5363,21902,담방마을,66,0
5365,23560,솔밭마을,69,6
5366,8647,까치마을롯데선경,107,0
5366,8650,까치마을롯데선경,70,0
5366,8651,까치마을롯데선경,91,0
5368,8653,삼익1차,105,2
5368,8654,삼익1차,140,0
5368,8655,삼익1차,78,0
5370,8656,두견마을3단지벽산3차,127,1
5370,8657,두견마을3단지벽산3차,168,0
5371,8658,연꽃마을4단지벽산2차,109,0
5372,8659,꽃뫼양지마을현대,117,1
5372,8660,꽃뫼양지마을현대,149,0
5373,228877,에덴,89,0
5374,8663,동부센트레빌,86,0
5375,20869,인창5단지삼환신일,124A,0
5375,20870,인창5단지삼환신일,124B,3
5376,8669,인창1단지주공,79,0
5376,8670,인창1단지주공,82,0
5376,8671,인창1단지주공,83,3
5376,8672,인창1단지주공,87,0
5377,8674,아름마을LG,149,3
5377,8675,아름마을LG,79,3
5378,22835,대동1차,127,0
5379,22838,대동2차,104,0
5379,22839,대동2차,63,4
5379,22840,대동2차,81,0
5381,8676,청솔,60,0
5381,8677,청솔,63,2
5382,8678,느티마을공무원4단지,80,0
5382,8679,느티마을공무원4단지,84,0
5382,8680,느티마을공무원4단지,90,2
5382,417133,느티마을공무원4단지,92,2
5382,417134,느티마을공무원4단지,94,0
5388,33327,복사골2차,78,0
5391,33332,동보,81,0
5391,33333,동보,106,0
5392,22938,현대,164,0
5392,22939,현대,195,1
5393,8681,탄현마을4단지건영,67,0
5393,8682,탄현마을4단지건영,86A,0
5393,8683,탄현마을4단지건영,86B,2
5394,8684,도원삼성래미안,108A,1
5394,8685,도원삼성래미안,108B,0
5394,8687,도원삼성래미안,142B,1
5394,8689,도원삼성래미안,81B,0
5396,8693,신동아리버파크,109,0
5396,8694,신동아리버파크,144A,2
5396,8695,신동아리버파크,85,2
5397,33334,무악재한화,110,2
5398,176193,파인빌,94,0
5399,8697,행원마을동아솔레시티,126,0
5399,8698,행원마을동아솔레시티,164,1
5399,8699,행원마을동아솔레시티,188,0
5399,8703,행원마을동아솔레시티,295,0
5401,176194,형인한강,101A,2
5402,33339,대림문영칸타빌레,102,1
5402,33340,대림문영칸타빌레,115,0
5402,33341,대림문영칸타빌레,144,1
5403,8704,네오빌6단지,103A,2
5403,8706,네오빌6단지,92,2
5405,22843,용현대우,110,0
5406,23563,태화,176,2
5407,22848,삼성,159,1
5407,22849,삼성,79,0
5414,33363,공작,59,0
5415,23432,코스모스,48,9
5417,8707,황송마을,69,2
5418,8708,새천년미주,104,1
5418,8709,새천년미주,142,2
5418,8710,새천년미주,78,0
5430,193522,두산베어스타워,213,0
5431,8717,청학주공5단지,133,1
5431,8718,청학주공5단지,159,1
5432,8719,한주3차,108,0
5432,8720,한주3차,79,2
5435,8721,장릉삼성쉐르빌,131,0
5435,8722,장릉삼성쉐르빌,161,12
5435,8723,장릉삼성쉐르빌,218,9
5435,8724,장릉삼성쉐르빌,42,0
5435,8725,장릉삼성쉐르빌,77,3
5436,8726,대림한숲타운,109,2
5436,8727,대림한숲타운,82,2
5438,176202,태영,72,0
5438,176203,태영,76,0
5438,176204,태영,108,0
5439,33374,중산마을12단지현대,155,0
5442,176206,청구2차,77,0
5443,8730,한가람마을세경,64,2
5443,8731,한가람마을세경,66,1
5443,432340,한가람마을세경,66A,0
5444,147493,동아,100B,0
5447,33383,아름마을성원1차,85,0
5447,33384,아름마을성원1차,109,6
5448,21824,구월팬더,100,3
5448,21825,구월팬더,91,0
5448,21826,구월팬더,92,0
5449,23207,정광,105,1
5449,23209,정광,78,0
5450,33385,동신1차,78,0
5452,8732,아주,91,1
5452,8733,아주,65,2
5454,8735,미성,110,0
5454,8736,미성,85,0
5455,33390,DMC청구,80,0
5455,33392,DMC청구,106,0
5456,8737,정든마을동아1단지,122,2
5456,8740,정든마을동아1단지,189,2
5457,8742,정든마을우성6단지,64,2
5459,8748,중앙하이츠2차,106,1
5459,8750,중앙하이츠2차,80,1
5460,33397,중앙하이츠3차,84,1
5460,33399,중앙하이츠3차,120,0
5461,33400,광명현대,84,1
5461,165479,광명현대,83,0
5462,33402,대원칸타빌,85,0
5462,33407,대원칸타빌,123,0
5463,176212,라이프,89,0
5463,176213,라이프,94,0
5464,8754,공릉9단지청솔,108D,0
5465,176214,영풍,52,1
5465,176218,영풍,82B,0
5466,33410,건양타워2차,110,0
5469,176228,DMC요진,90,0
5469,176229,DMC요진,125,2
5470,228901,금호,107,0
5472,8758,동남,58,0
5472,8759,동남,76,6
5473,8760,병점역한일타운,71,2
5473,8761,병점역한일타운,96,0
5474,8762,진산마을삼성래미안5차,114,0
5474,8763,진산마을삼성래미안5차,115,0
5474,8764,진산마을삼성래미안5차,147,0
5474,8765,진산마을삼성래미안5차,166,0
5474,8766,진산마을삼성래미안5차,196,0
5475,8767,관곡마을성원,82,12
5476,8768,관곡마을동아,80,6
5477,8769,권선상록5단지,107,0
5478,8770,청솔마을6단지한라,87,1
5478,8771,청솔마을6단지한라,89,4
5479,8772,벽적골9단지롯데,50,0
5479,8773,벽적골9단지롯데,65,2
5479,8774,벽적골9단지롯데,79,2
5491,8775,우성,106,1
5491,8776,우성,153,0
5491,8778,우성,73,0
5491,8779,우성,95,0
5492,8780,신원당7단지동신,121,2
5492,8781,신원당7단지동신,157,4
5492,8782,신원당7단지동신,177,0
5493,33440,경신,74,0
5496,8783,교동마을LG자이,119,0
5496,8784,교동마을LG자이,161,0
5497,8785,은행현대,105,0
5498,23565,대동,56B,2
5498,23567,대동,59,0
5498,23568,대동,61,1
5499,8786,삼익금광,47,0
5499,8787,삼익금광,60,0
5514,8788,목동현대2차,119,0
5514,8790,목동현대2차,85,0
5518,8792,e편한세상수색에코포레,106,0
5518,8793,e편한세상수색에코포레,139B,3
5518,8795,e편한세상수색에코포레,83,0
5523,147498,벽산3차,85,1
5524,8799,가락상아,126,0
5525,8803,우성2차,86,3
5525,8804,우성2차,96,3
5528,8805,인정피렌체빌리지1차,79,1
5533,8806,상현마을현대성우1차,108,4
5533,8807,상현마을현대성우1차,166,0
5533,8808,상현마을현대성우1차,217,0
5534,8809,보람,107,0
5534,8810,보람,62,2
5534,8811,보람,77,0
5534,8812,보람,94,4
5535,8813,한신2차,101,0
5535,8814,한신2차,64,2
5535,8815,한신2차,81,0
5536,8816,한신3차,102,0
5537,8818,한일,85,6
5538,8821,상계중앙하이츠2차,163,0
5538,8822,상계중앙하이츠2차,85,4
5538,147499,상계중앙하이츠2차,108,2
5544,23047,태평,81,10
5544,23048,태평,82,2
5548,8823,홍릉동부,109,0
5548,8829,홍릉동부,82A,0
5548,8830,홍릉동부,82C,2
5556,8831,한신,103A,0
5556,8835,한신,76,0
5560,33618,동남,76A,2
5560,33619,동남,76B,2
5561,33622,한국,64,0
5562,23312,정광,67,2
5563,23306,태산,72,0
5563,23307,태산,82,0
5565,176256,중앙하이츠,86,0
5569,33634,대우아이빌,39,0
5569,33637,대우아이빌,51,0
5570,8837,방배현대홈타운2차,108,0
5571,33643,서초한신,130A,0
5571,33644,서초한신,147,0
5572,8842,백설에듀빌,111B,0
5572,8843,백설에듀빌,111A,1
5573,8844,구로중앙하이츠,110,2
5574,176261,리버타워,259C,2
5575,33646,현대,77A,0
5575,33650,현대,109,6
5576,8847,삼성,108,0
5576,8848,삼성,80,0
5577,21963,한국,103,0
5577,21964,한국,104,1
5584,91120,명륜아남3단지,65,0
5584,91124,명륜아남3단지,91,0
5590,8849,푸른마을삼성,107,0
5590,8850,푸른마을삼성,83,2
5591,20584,한신1차,75,0
5591,20585,한신1차,106,0
5592,8852,한신2차,108,1
5593,8856,권선상록3단지,81,0
5594,8857,만현마을6단지쌍용3차,157,2
5595,8859,하마비마을동일하이빌1차,116,0
5595,8860,하마비마을동일하이빌1차,151,0
5595,8861,하마비마을동일하이빌1차,188,2
5595,8862,하마비마을동일하이빌1차,215,0
5599,33688,미라보,76,0
5599,33689,미라보,108,1
5600,8863,서울,58,0
5600,8864,서울,65,0
5601,8871,삼익파크힐스,167,0
5601,8872,삼익파크힐스,79A,0
5601,8873,삼익파크힐스,79B,0
5605,8874,관악산현대홈타운,116,0
5606,8876,대림현대,78,0
5606,8877,대림현대,97,0
5606,8878,대림현대,99,2
5609,187912,광명3차,78,0
5610,33706,선정,109,0
5612,33710,동인,48,0
5614,187914,광명6차,53,0
5615,33720,광명4차,80,1
5616,8879,우남,112,0
5617,8881,양지마을,114,1
5617,8885,양지마을,93,1
5618,8886,보네르빌리지,121,2
5618,8887,보네르빌리지,138,0
5618,8890,보네르빌리지,195,2
5619,8891,공릉풍림,110,0
5619,8893,공릉풍림,46,0
5619,8894,공릉풍림,77,1
5620,8895,인왕산벽산,107,0
5620,8896,인왕산벽산,127,0
5620,8898,인왕산벽산,80,0
5621,8899,권선3지구써미트빌,127,2
5621,8900,권선3지구써미트빌,129,0
5621,8901,권선3지구써미트빌,138,0
5621,8902,권선3지구써미트빌,139,0
5623,8904,거여현대2차,100,0
5624,8905,청송마을현대1단지,106,0
5624,8906,청송마을현대1단지,141,0
5624,8907,청송마을현대1단지,170,0
5625,8908,청송마을현대2단지,109,0
5625,8909,청송마을현대2단지,142,2
5625,8910,청송마을현대2단지,170,0
5625,8911,청송마을현대2단지,216,0
5625,8912,청송마을현대2단지,253,0
5626,176283,삼형그레이스빌,77,0
5627,176286,현대인텔렉스,168,0
5632,8913,상봉우정,111,3
5632,8914,상봉우정,140,0
5632,8915,상봉우정,81,6
5634,33754,상현마을현대성우2차,166,0
5635,8916,상현마을동일스위트,120,0
5635,8917,상현마을동일스위트,170,0
5635,8918,상현마을동일스위트,189,0
5636,20874,광교쌍용포레듀엔,117,0
5636,20875,광교쌍용포레듀엔,137,0
5638,8923,신도림대림3차,115,0
5639,22845,인천부평대주파크빌,110,1
5639,22846,인천부평대주파크빌,88,1
5640,8925,안양경남아너스빌,110,2
5640,8926,안양경남아너스빌,78,0
5641,8927,주공1단지,109C,0
5641,8928,주공1단지,110A,0
5641,8930,주공1단지,110D,0
5641,8931,주공1단지,110E,0
5641,8932,주공1단지,110F,0
5641,8933,주공1단지,110G,1
5642,8939,이문대우,116B,2
5642,8941,이문대우,149,2
5643,8942,이문삼성래미안1차,106,0
5643,8944,이문삼성래미안1차,138,4
5644,8948,오동공원현대홈타운,113,2
5644,8950,오동공원현대홈타운,150,0
5645,8952,대림강변타운,107,0
5645,8954,대림강변타운,142B,4
5645,8955,대림강변타운,79A,0
5645,8956,대림강변타운,79B,0
5646,8957,금호삼성래미안,105,0
5646,8958,금호삼성래미안,138,0
5646,8959,금호삼성래미안,78,0
5647,176295,솔루테,103,0
5649,8960,대월마을8단지대림진흥,114,0
5650,8961,비단마을신명,89,4
5652,33765,해주드림빌,142,0
5653,8962,대지마을중앙하이츠빌,189,2
5653,8963,대지마을중앙하이츠빌,226,0
5662,33796,우방아이유쉘,104A,3
5662,33797,우방아이유쉘,104B,3
5663,33798,현대까르띠에710,199,0
5665,8964,왕십리극동미라주,109,0
5665,8965,왕십리극동미라주,141A,2
5665,8967,왕십리극동미라주,89,0
5666,147500,문래동삼환,74,2
5666,147501,문래동삼환,99,4
5668,176307,진양,59,2
5672,8974,목동삼성래미안2차,143B,0
5672,8976,목동삼성래미안2차,82,0
5672,8977,목동삼성래미안2차,90,0
5673,8979,성호2차파크힐,83,0
5675,176310,해주,75,0
5675,176312,해주,100B,0
5676,8983,송내대우,101,0
5677,8985,철산리버빌주공,109,0
5677,8987,철산리버빌주공,74B,1
5677,165480,철산리버빌주공,74A,1
5679,33812,경남,83,2
5679,33815,경남,94,2
5683,8989,도곡삼성래미안,112,0
5683,8990,도곡삼성래미안,115,0
5683,8992,도곡삼성래미안,158,0
5683,8993,도곡삼성래미안,81,0
5686,8994,SK북한산시티,109,8
5686,8995,SK북한산시티,111A,2
5686,8996,SK북한산시티,111B,0
5686,8997,SK북한산시티,111C,2
5686,8998,SK북한산시티,142,6
5686,8999,SK북한산시티,81,0
5687,176324,반석목동블레스빌,107,0
5692,9000,대상타운현대,109,0
5692,9005,대상타운현대,80,2
5694,228916,방배금강,121,1
5696,9006,용현세아1차,115,6
5698,21148,동양,49,1
5700,33860,영진,75,0
5703,9007,청명마을삼성,126,0
5703,9008,청명마을삼성,155,0
5703,9009,청명마을삼성,174,2
5704,22257,작전현대2-2차,104,0
5704,22259,작전현대2-2차,183,0
5705,9011,삼신,106,0
5707,9013,주공그린빌7단지,106A,0
5707,9014,주공그린빌7단지,106D,0
5707,9016,주공그린빌7단지,106C,0
5707,9017,주공그린빌7단지,95A,0
5707,9019,주공그린빌7단지,95C,0
5708,9021,주공그린빌8단지,104A,0
5708,9022,주공그린빌8단지,104B,0
5708,9023,주공그린빌8단지,93A,0
5708,9024,주공그린빌8단지,93D,0
5708,9025,주공그린빌8단지,93B,0
5709,9029,주공그린빌9단지,103A,0
5709,9032,주공그린빌9단지,92D,0
5709,9033,주공그린빌9단지,92B,2
5711,33868,신성노바빌,109A,0
5711,33869,신성노바빌,109B,0
5712,33870,가양강나루2차현대,81,0
5712,33872,가양강나루2차현대,108,1
5712,33873,가양강나루2차현대,144,0
5713,23289,하나,107,8
5713,23293,하나,77B,12
5725,9037,신곡주공푸르미,68,0
5725,9038,신곡주공푸르미,74,0
5725,9039,신곡주공푸르미,76,2
5725,9040,신곡주공푸르미,81,6
5727,147513,가락동부센트레빌,141,0
5728,9043,송파삼성래미안,109,0
5728,9047,송파삼성래미안,191,0
5729,9048,한진,108,6
5729,9049,한진,80,0
5731,9051,문래자이,115,0
5731,9052,문래자이,155,0
5733,9054,홍은유원,102,0
5735,9057,주공뉴타운1단지,110A,0
5735,9058,주공뉴타운1단지,110B,0
5736,9059,한솔마을2단지LG,124,2
5736,9061,한솔마을2단지LG,193,0
5737,9062,비단마을베스트타운,113,1
5738,9063,교동마을현대필그린,119,2
5738,9065,교동마을현대필그린,236,1
5739,9066,광교상현마을현대,109,0
5740,147516,한솔노블빌리지,153A,0
5740,147519,한솔노블빌리지,176,1
5741,9071,학마을1단지,69B,6
5741,9072,학마을1단지,69A,0
5741,9074,학마을1단지,82,0
5742,147523,영남,106A,1
5742,147524,영남,106B,2
5745,9076,푸른마을주공2단지,107A,1
5746,33917,삼명,52,0
5748,9078,새한,105,3
5748,9079,새한,107,0
5748,9081,새한,77A,0
5749,9084,석탑,85,6
5750,176344,동성타워프라자,80,4
5750,176347,동성타워프라자,114,2
5751,176348,동성5차,86,0
5752,187917,경원,76,3
5758,9085,삼성래미안,107A,3
5758,9086,삼성래미안,107B,0
5758,9087,삼성래미안,80A,1
5758,9088,삼성래미안,80B,3
5760,228926,리버펠리스,203,2
5764,9089,호수공원,116,2
5764,9090,호수공원,130,2
5764,9091,호수공원,151A,0
5764,9092,호수공원,152B,0
5764,9093,호수공원,170A,0
5764,9095,호수공원,204A,2
5765,9097,동수원자이1차,116,2
5765,9098,동수원자이1차,133,2
5765,9099,동수원자이1차,160,2
5765,9100,동수원자이1차,183,0
5765,9101,동수원자이1차,209,0
5772,9102,현대모닝사이드2차,105,4
5773,9103,가람마을8단지동문굿모닝힐,116,4
5773,9104,가람마을8단지동문굿모닝힐,99,0
5775,33971,벽산,127,0
5777,33974,한솔리베르,106B,3
5777,33975,한솔리베르,106C,0
5777,33976,한솔리베르,106D,6
5778,228929,창동현대3차,151,0
5779,9107,길음동부센트레빌,111,1
5779,9108,길음동부센트레빌,142,0
5779,9109,길음동부센트레빌,80,1
5781,9110,금화마을3단지주공그린빌,70A,1
5781,9111,금화마을3단지주공그린빌,70B,0
5781,9112,금화마을3단지주공그린빌,82A,0
5781,9113,금화마을3단지주공그린빌,82B,0
5781,9115,금화마을3단지주공그린빌,84C,1
5781,9116,금화마을3단지주공그린빌,84A,0
5782,9118,금화마을4단지주공그린빌,112B,0
5782,9121,금화마을4단지주공그린빌,112A,2
5783,9123,금화마을5단지주공그린빌,114A,0
5783,9124,금화마을5단지주공그린빌,114B,0
5783,9125,금화마을5단지주공그린빌,80A,0
5783,9126,금화마을5단지주공그린빌,80B,2
5783,9127,금화마을5단지주공그린빌,80C,0
5785,9128,청솔마을6단지SK한화,130,2
5785,9129,청솔마을6단지SK한화,161,0
5787,9131,꽃뫼버들마을진흥,87,0
5788,9132,암사한솔,105,0
5788,9134,암사한솔,147,3
5789,20878,진산마을삼성래미안6차,151,4
5790,9140,가현마을신안,141,2
5791,9142,교동마을쌍용,172,2
5792,9144,연원마을삼성쉐르빌,217,0
5793,9145,하마비마을동부센트레빌,115,0
5793,9146,하마비마을동부센트레빌,159,0
5794,9147,동성1차,109,6
5794,9149,동성1차,81,0
5795,9150,오포베르빌,116,0
5795,9151,오포베르빌,154,0
5797,176360,새한올림픽,108,0
5798,20590,삼신푸른솔,75,0
5798,20591,삼신푸른솔,107A,0
5807,9153,화양현대,111,0
5807,9154,화양현대,78A,3
5807,9155,화양현대,78B,3
5808,9156,동부2차,100,2
5808,9158,동부2차,77,2
5809,147539,푸른마을2단지,70,0
5809,147540,푸른마을2단지,85A,2
5810,9166,푸른마을3단지,82A,0
5810,9167,푸른마을3단지,82B,2
5810,9168,푸른마을3단지,82C,2
5810,147544,푸른마을3단지,116B,0
5811,22451,뉴서울,81,14
5811,22452,뉴서울,97,2
5813,9169,보라매파크빌,108,0
5813,9170,보라매파크빌,109C,0
5814,9176,경남교수,109,0
5814,9177,경남교수,139,1
5818,147550,한성,62B,0
5819,9178,파스텔,81,0
5820,9179,신현리1차현대모닝사이드1단지,114,2
5821,228931,길운씨티빌,71,0
5821,228932,길운씨티빌,101,2
5824,34039,염창현대3차,81,1
5825,34042,현대,101,0
5827,176368,홍익,94,0
5828,9182,한라마을주공3단지,55,0
5828,9183,한라마을주공3단지,77,2
5828,9184,한라마을주공3단지,79,4
5828,9185,한라마을주공3단지,80A,0
5828,9186,한라마을주공3단지,80B,0
5832,176373,두산,94,2
5833,22954,광명,61,0
5833,22955,광명,74,6
5839,9187,강변래미안,109B,0
5839,9189,강변래미안,111,0
5839,9190,강변래미안,145,0
5839,9191,강변래미안,81,0
5841,147551,꽃뫼버들마을코오롱,115,0
5842,9193,주공그린빌1단지,106A,0
5842,9194,주공그린빌1단지,106B,1
5842,9196,주공그린빌1단지,107,1
5843,9197,주공그린빌2단지,108,3
5843,9199,주공그린빌2단지,97,0
5844,9200,우남퍼스트빌,136,0
5844,9201,우남퍼스트빌,168,0
5847,9203,낙성대현대홈타운,112B,3
5848,9207,영등포푸르지오,100,4
5848,9208,영등포푸르지오,109,10
5848,9209,영등포푸르지오,115A,2
5848,9210,영등포푸르지오,115B,2
5848,9211,영등포푸르지오,85,4
5849,9213,목동금호베스트빌,109,0
5849,9216,목동금호베스트빌,126,0
5849,9221,목동금호베스트빌,77,0
5851,9223,비단마을현대성우우방,132,1
5851,9224,비단마을현대성우우방,162A,0
5851,9225,비단마을현대성우우방,162B,0
5852,34080,상현마을금호베스트빌3단지,160,0
5853,9227,만현마을2단지아이파크,131,2
5853,9229,만현마을2단지아이파크,222,2
5855,9231,서촌마을영화하이닉스,96,2
5856,147552,문영센스빌,75,0
5856,147553,문영센스빌,78,0
5857,228935,우성리빙텔,168A,0
5860,9234,수락파크빌,105A,0
5860,9235,수락파크빌,105C,0
5860,9237,수락파크빌,142,0
5862,34087,미아신구,75,2
5863,93250,현대성우,85,0
5866,34096,창동성원,80,1
5891,34164,성산동성,80,0
5892,34167,동천마을동문굿모닝힐3차,105,2
5892,34168,동천마을동문굿모닝힐3차,145,0
5893,9238,동천마을현대홈타운1차,122,2
5894,9239,동문,126,2
5894,9240,동문,155,2
5895,9241,신영통현대1단지,110,0
5895,9242,신영통현대1단지,147,2
5896,9244,신영통현대타운2단지,110,0
5896,9245,신영통현대타운2단지,129,0
5896,9246,신영통현대타운2단지,147,2
5896,9247,신영통현대타운2단지,196,0
5897,9248,산내마을8단지월드메르디앙,112,4
5897,9249,산내마을8단지월드메르디앙,146,2
5897,9250,산내마을8단지월드메르디앙,176,0
5897,9251,산내마을8단지월드메르디앙,211,2
5897,9252,산내마을8단지월드메르디앙,245,4
5897,9253,산내마을8단지월드메르디앙,97,0
5898,9254,쌍용스위트닷홈,115,2
5898,9255,쌍용스위트닷홈,94,0
5899,9256,공릉신도1차,109A,0
5901,9262,한신플러스타운,106,0
5901,9264,한신플러스타운,80,0
5902,9265,쌍용,179,2
5902,9266,쌍용,211,0
5907,21990,월드,109,18
5907,21991,월드,145,0
5907,21992,월드,81A,6
5907,21993,월드,81B,6
5908,34186,희훈리치파크,110B,2
5909,9267,망포역마을쌍용,115,8
5909,9268,망포역마을쌍용,160,4
5910,9269,도담마을롯데캐슬,115,1
5910,9270,도담마을롯데캐슬,159,0
5911,9271,만현마을1단지롯데캐슬,106,0
5911,9274,만현마을1단지롯데캐슬,205,2
5912,9275,성복역아이파크,114,2
5912,9276,성복역아이파크,147,0
5912,9277,성복역아이파크,84,0
5913,147554,만현마을5단지현대아이파크,125,2
5913,147555,만현마을5단지현대아이파크,164,0
5914,176390,동원2차,103,0
5915,9281,일신삼익,110,6
5915,9282,일신삼익,164,0
5915,9283,일신삼익,80,0
5916,9284,꽃뫼버들마을금강,115,1
5922,34204,중앙그린빌,93,0
5922,34205,중앙그린빌,106,0
5923,34207,남해오네뜨,79B,0
5924,9285,일산1차현대홈타운,109,0
5924,9286,일산1차현대홈타운,81,0
5925,9287,일산현대홈타운2차,101,0
5925,9290,일산현대홈타운2차,159,2
5925,9291,일산현대홈타운2차,168,2
5925,9292,일산현대홈타운2차,76,0
5937,34278,목동금강에스쁘아,112,0
5938,23123,아주,69,4
5938,23124,아주,72,4
5938,23125,아주,79,0
5940,9296,이촌삼성리버스위트,216,2
5941,228950,금강KCC,104E,0
5942,93255,타워팰리스1차,112A,0
5942,93260,타워팰리스1차,220A,0
5942,93263,타워팰리스1차,297,0
5943,93281,타워팰리스2차,217C,0
5944,165023,디오빌역삼,78,0
5944,165024,디오빌역삼,77,0
5944,165025,디오빌역삼,51,0
5944,165026,디오빌역삼,48,0
5944,165027,디오빌역삼,39,0
5945,34286,경남,110,2
5945,34288,경남,117,0
5946,9299,킨텍스자이,176,0
5947,9302,대화마을2단지한라,172,0
5947,9303,대화마을2단지한라,208,4
5949,9305,은행마을2단지동문굿모닝힐,110,6
5949,9306,은행마을2단지동문굿모닝힐,160,0
5950,9307,산들마을2단지e편한세상,116,0
5950,9308,산들마을2단지e편한세상,154,2
5950,9309,산들마을2단지e편한세상,174,2
5950,9310,산들마을2단지e편한세상,198,2
5951,9311,능곡2차현대홈타운,113,0
5951,9312,능곡2차현대홈타운,152,0
5952,9313,도덕파크타운1단지,111,0
5952,9314,도덕파크타운1단지,150,0
5952,9315,도덕파크타운1단지,78,0
5953,9316,양벌쌍용2차,115,4
5953,9317,양벌쌍용2차,178,2
5953,9318,양벌쌍용2차,94,8
5954,9319,동양,114,0
5955,9320,현대,111,3
5955,9321,현대,160,3
5956,9322,무지개마을대림,106,0
5956,9323,무지개마을대림,78,2
5957,9324,용호마을LG1차,118,0
5957,9325,용호마을LG1차,161,0
5958,9326,건영덕소리버파크,113,2
5958,9327,건영덕소리버파크,164,1
5959,9328,덕소두산위브,114,0
5959,9329,덕소두산위브,178,0
5959,9331,덕소두산위브,225,2
5960,9335,백송마을동남디아망,114,10
5960,9336,백송마을동남디아망,115,2
5961,9337,푸른마을한라비발디,89,0
5962,9338,라일락마을동양덱스빌,113,0
5963,9339,다정한마을삼성래미안,113,2
5964,9340,라일락마을서해그랑블1차,143,2
5964,9341,라일락마을서해그랑블1차,162,2
5965,9342,행복한마을서해그랑블2차,143,0
5966,9344,진달래마을신동아파밀리에,114,0
5967,9345,진달래마을써미트빌,126,0
5968,9348,행복한마을한양수자인,116,0
5969,9349,하얀마을아이파크,128,0
5969,9350,하얀마을아이파크,168A,0
5970,9353,진달래마을효성센트럴,115,0
5971,9354,주공그린빌3단지,107A,0
5971,9355,주공그린빌3단지,107B,2
5972,9359,주공그린빌5단지,52,0
5972,9360,주공그린빌5단지,65,2
5972,9361,주공그린빌5단지,66,0
5972,9362,주공그린빌5단지,71,0
5972,9363,주공그린빌5단지,85,0
5973,9364,영통풍림아이원3차,117,2
5973,9365,영통풍림아이원3차,163,0
5974,9366,화서역현대벽산,79A,2
5974,9367,화서역현대벽산,79B,2
5974,405189,화서역현대벽산,79C,0
5975,9368,안산고잔4차푸르지오,105,0
5975,9369,안산고잔4차푸르지오,80,0
5975,9370,안산고잔4차푸르지오,83,2
5975,9371,안산고잔4차푸르지오,99,0
5976,9372,석수e편한세상,107A,4
5976,9374,석수e편한세상,140A,0
5976,9376,석수e편한세상,80A,2
5976,9378,석수e편한세상,80C,0
5977,9379,귀인마을현대홈타운,109,2
5977,9380,귀인마을현대홈타운,81,0
5978,9382,비산삼성래미안,108,4
5978,9383,비산삼성래미안,138,0
5978,9384,비산삼성래미안,159,0
5978,9385,비산삼성래미안,194,0
5978,9388,비산삼성래미안,81,1
5979,9390,오산운암주공4단지,102,2
5980,9391,삼거마을삼성래미안1차,122,1
5980,9392,삼거마을삼성래미안1차,162,0
5980,9393,삼거마을삼성래미안1차,184,0
5980,9394,삼거마을삼성래미안1차,218,1
5981,9395,민속마을신창미션힐,114,0
5981,9396,민속마을신창미션힐,154,4
5981,9397,민속마을신창미션힐,187,0
5981,9398,민속마을신창미션힐,210,0
5982,9399,민속마을쌍용,109,3
5982,9400,민속마을쌍용,137,1
5982,9401,민속마을쌍용,169,1
5982,9402,민속마을쌍용,196,2
5983,9403,민속마을현대모닝사이드,117,1
5983,9404,민속마을현대모닝사이드,156,1
5983,9405,민속마을현대모닝사이드,183,0
5983,9406,민속마을현대모닝사이드,205,0
5984,9407,서그내마을SK,114,2
5984,9408,서그내마을SK,160,2
5984,9409,서그내마을SK,197,0
5985,9411,상현마을현대성우3차,180,0
5985,9412,상현마을현대성우3차,230,4
5986,9414,신봉마을엘지빌리지5차B단지,177,0
5986,9415,신봉마을엘지빌리지5차B단지,212,0
5987,9416,성남마을벽산첼시빌2차,169,0
5987,9419,성남마을벽산첼시빌2차,248,1
5988,9420,광교상떼빌파크뷰,132,0
5988,9421,광교상떼빌파크뷰,181,2
5988,9422,광교상떼빌파크뷰,204,0
5989,9423,대원칸타빌2단지,112,1
5990,9427,반도보라빌리지2단지,114,1
5991,9428,신일유토빌,116,1
5991,9429,신일유토빌,151,0
5991,9430,신일유토빌,193,1
5991,9431,신일유토빌,85,1
5992,245865,한솔리치빌3단지,110A,0
5993,9436,서울숲리버그린동아,108,0
5993,9437,서울숲리버그린동아,141,4
5993,9438,서울숲리버그린동아,81,0
5994,9439,당산1차금호어울림,106,4
5995,34289,금호베스트빌,115,0
5995,34292,금호베스트빌,182,0
5996,147561,LG한강자이,179,0
5998,9459,면목늘푸른동아,107,0
5998,9462,면목늘푸른동아,84,6
5999,9464,묵동아이파크,107C,2
5999,9465,묵동아이파크,107A,2
5999,9466,묵동아이파크,128,0
6000,34297,대치롯데캐슬,136,0
6000,34298,대치롯데캐슬,139,0
6001,34304,한강포스파크,110,0
6001,34305,한강포스파크,139,0
6002,9468,벽산라이브파크,102,2
6002,9469,벽산라이브파크,133,4
6002,9470,벽산라이브파크,74A,2
6002,9471,벽산라이브파크,74B,0
6003,9472,경남아너스빌,109,0
6003,9473,경남아너스빌,142,2
6003,9474,경남아너스빌,87,2
6004,9475,미아한일유앤아이,112,0
6004,9477,미아한일유앤아이,150,0
6005,147575,등촌e편한세상,108,0
6005,147576,등촌e편한세상,111A,2
6005,147579,등촌e편한세상,146,2
6006,9486,화곡푸르지오,117A,2
6006,9489,화곡푸르지오,137B,2
6006,9490,화곡푸르지오,164A,2
6006,9492,화곡푸르지오,165C,0
6006,9493,화곡푸르지오,186,0
6006,9494,화곡푸르지오,204,2
6007,9496,봉천벽산블루밍1차,110,4
6007,9497,봉천벽산블루밍1차,132,0
6007,9501,봉천벽산블루밍1차,78,4
6009,9506,신도림4차e편한세상,152,2
6009,9509,신도림4차e편한세상,191,0
6010,9511,관악우방,106,0
6010,9512,관악우방,143,0
6010,9513,관악우방,84,0
6011,9516,청솔상계양우,119,0
6011,9517,청솔상계양우,121,2
6012,147580,동아에코빌,113N,0
6013,9523,방학삼성래미안1단지,122,2
6013,9524,방학삼성래미안1단지,162,0
6013,9525,방학삼성래미안1단지,181,0
6014,9526,방학삼성래미안2단지,122,0
6016,9530,중앙하이츠빌,108,0
6016,9532,중앙하이츠빌,81,0
6017,9533,동작삼성래미안,114,0
6017,9534,동작삼성래미안,154,0
6017,9535,동작삼성래미안,209,0
6018,9537,공덕삼성래미안2차,110,0
6018,9538,공덕삼성래미안2차,144,0
6018,9539,공덕삼성래미안2차,80,0
6021,9544,서울숲한신더휴,108,4
6021,9546,서울숲한신더휴,80,4
6021,9547,서울숲한신더휴,81,0
6022,9548,길음래미안1단지,104,0
6022,9549,길음래미안1단지,136,1
6022,9550,길음래미안1단지,78,0
6023,9551,돈암동부센트레빌,109,1
6023,9553,돈암동부센트레빌,150,1
6024,9554,동소문한신휴플러스2차,100,1
6024,9556,동소문한신휴플러스2차,135,0
6024,9558,동소문한신휴플러스2차,75,1
6025,9559,동아에코빌,109A,0
6025,9560,동아에코빌,109B,0
6025,9562,동아에코빌,142B,0
6025,9563,동아에코빌,87A,2
6026,93313,삼성쉐르빌1,238,0
6026,93317,삼성쉐르빌1,261,1
6027,9565,산들마을3단지e편한세상,109,2
6027,9566,산들마을3단지e편한세상,142,2
6027,9567,산들마을3단지e편한세상,160,2
6028,9568,유현마을2단지현대프라임빌,120,3
6028,9569,유현마을2단지현대프라임빌,158,0
6028,9570,유현마을2단지현대프라임빌,176,12
6028,9571,유현마을2단지현대프라임빌,228,3
6028,9572,유현마을2단지현대프라임빌,279,3
6029,9573,주공그린빌4단지,107A,1
6029,9574,주공그린빌4단지,107B,2
6029,9577,주공그린빌4단지,96,0
6030,9579,가좌마을3단지청원벽산블루밍,112,2
6030,9580,가좌마을3단지청원벽산블루밍,142,2
6030,9581,가좌마을3단지청원벽산블루밍,161,0
6030,9583,가좌마을3단지청원벽산블루밍,96,0
6031,9584,일산동양,110,0
6031,9585,일산동양,80,0
6032,34308,일산신원1차,115,0
6032,34309,일산신원1차,154,0
6033,34311,일산신원2차,155,0
6034,147582,풍년마을1단지대우,144,0
6035,9586,당곡마을2단지현대,104,6
6035,9587,당곡마을2단지현대,142,3
6036,93329,로얄팰리스,231,0
6037,9590,망포역아이파크,109,0
6037,9591,망포역아이파크,126,0
6037,9593,망포역아이파크,160,0
6038,9594,망포마을현대아이파크2차,114,0
6039,9598,신성미소지움,116,0
6039,9599,신성미소지움,152,0
6040,9600,주공그린빌14단지,56,0
6040,9602,주공그린빌14단지,69B,2
6040,9603,주공그린빌14단지,69A,0
6040,9604,주공그린빌14단지,83A,0
6040,9605,주공그린빌14단지,83B,0
6041,9606,주공그린빌15단지,54,0
6041,9607,주공그린빌15단지,66A,0
6041,9608,주공그린빌15단지,66B,0
6041,9609,주공그린빌15단지,66C,0
6041,9610,주공그린빌15단지,80,4
6042,9611,더포레스트힐,110A,0
6042,9612,더포레스트힐,110B,1
6042,9613,더포레스트힐,110C,0
6042,9615,더포레스트힐,110E,1
6042,9616,더포레스트힐,110F,2
6042,9617,더포레스트힐,110G,0
6042,9618,더포레스트힐,110H,0
6042,9619,더포레스트힐,150A,0
6042,9621,더포레스트힐,59,0
6042,9622,더포레스트힐,74A,1
6042,9624,더포레스트힐,78A,1
6042,9625,더포레스트힐,78B,0
6042,9626,더포레스트힐,78C,0
6042,9627,더포레스트힐,78D,0
6042,9629,더포레스트힐,78F,1
6042,9630,더포레스트힐,78E,0
6043,9631,석수경남아너스빌,108,2
6043,9633,석수경남아너스빌,140,2
6043,9635,석수경남아너스빌,81,0
6044,9636,하마비마을동일하이빌2차,142,3
6044,9637,하마비마을동일하이빌2차,174,1
6044,9638,하마비마을동일하이빌2차,204,1
6045,9639,어정마을서희삼정,115,1
6045,9640,어정마을서희삼정,146,1
6046,9641,예현마을현대홈타운,114,4
6046,9642,예현마을현대홈타운,148,4
6046,9643,예현마을현대홈타운,169,0
6047,9644,성복역금호베스트빌,116,0
6047,9645,성복역금호베스트빌,135,0
6047,9646,성복역금호베스트빌,165,2
6048,9650,만현마을3단지성원상떼빌5차,119,0
6049,9652,상현마을성우5차,153A,2
6049,9654,상현마을성우5차,178A,0
6049,9655,상현마을성우5차,178B,0
6050,9656,새터마을죽전힐스테이트,116,3
6051,9657,금오현대아이파크,108,1
6052,193526,코오롱2차,117,6
6054,9664,상계대림e편한세상,110,2
6055,9670,쌍문삼성래미안,104,1
6055,9671,쌍문삼성래미안,135,0
6055,9672,쌍문삼성래미안,78,0
6056,9673,대림,107A,0
6056,9676,대림,81,1
6057,9677,상도래미안1차,113B,0
6057,9679,상도래미안1차,146,4
6057,9680,상도래미안1차,84,0
6058,166128,보라매삼성쉐르빌,213A,2
6058,166130,보라매삼성쉐르빌,156,2
6059,34315,망원대림1차,108,2
6059,34316,망원대림1차,142,0
6060,9688,성산월드타운대림,84,3
6061,9692,코오롱하늘채,72,0
6061,9693,코오롱하늘채,98,2
6063,153487,래미안서초유니빌,48B,1
6063,153489,래미안서초유니빌,50D,0
6063,153494,래미안서초유니빌,61E,1
6063,153495,래미안서초유니빌,61F,2
6064,153476,서초이오빌,48N,0
6064,153477,서초이오빌,48S,1
6064,153480,서초이오빌,61W,0
6065,9694,돈암일신건영휴먼빌,107,0
6065,9696,돈암일신건영휴먼빌,141,5
6065,9697,돈암일신건영휴먼빌,170,0
6066,9699,삼성래미안1차,107,0
6066,9700,삼성래미안1차,139,1
6066,9701,삼성래미안1차,80,2
6067,34317,문정푸르지오3차,106,0
6068,9702,당산동부센트레빌,105,0
6068,9703,당산동부센트레빌,117,8
6068,9704,당산동부센트레빌,136,0
6069,9706,장안래미안1차,110,0
6069,9708,장안래미안1차,84,1
6070,9709,비산롯데캐슬,104,2
6070,9711,비산롯데캐슬,136,1
6070,9712,비산롯데캐슬,72,0
6071,9715,벽산블루밍,110C,4
6072,9716,홍은풍림아이원,115,0
6072,9717,홍은풍림아이원,149,0
6074,9720,동수원자이2차,118,2
6074,9721,동수원자이2차,150,0
6074,9722,동수원자이2차,167,0
6075,9724,성동마을엘지빌리지6차,168,0
6075,9725,성동마을엘지빌리지6차,211,0
6076,34318,원천마을푸르지오,80,0
6076,34319,원천마을푸르지오,109,0
6077,9728,우장산롯데캐슬,170,2
6077,147584,우장산롯데캐슬,109,0
6078,9732,대원칸타빌,131,0
6078,9733,대원칸타빌,71,0
6078,9734,대원칸타빌,99,0
6079,9735,상봉14단지태영데시앙,106,0
6079,9736,상봉14단지태영데시앙,113,0
6079,9738,상봉14단지태영데시앙,75B,0
6079,9739,상봉14단지태영데시앙,80,3
6080,9742,능곡풍림아이원1단지,152B,3
6080,9743,능곡풍림아이원1단지,175B,3
6080,9744,능곡풍림아이원1단지,178A,0
6081,9745,단원마을,111,0
6081,9746,단원마을,86,0
6081,9747,단원마을,92,6
6082,9753,청담1차e편한세상,140,0
6082,9754,청담1차e편한세상,165,2
6082,9755,청담1차e편한세상,87,0
6083,9757,망원대림2차,136,0
6083,9758,망원대림2차,78,0
6084,9759,래미안용강,104,0
6085,9764,건영월드컵,103,0
6085,9765,건영월드컵,106A,0
6085,9767,건영월드컵,141,3
6085,9769,건영월드컵,88A,0
6086,9771,신촌태영데시앙,105,0
6087,9773,서초래미안,113,0
6089,9779,부천범박힐스테이트4단지,111,0
6089,9780,부천범박힐스테이트4단지,128,0
6090,176404,등촌보람더하임1차,112,2
6091,9781,관악푸르지오,106A,0
6091,9783,관악푸르지오,112,0
6091,9785,관악푸르지오,79,3
6091,9786,관악푸르지오,83,0
6092,34322,관악우정하이비젼1단지,95,0
6092,34323,관악우정하이비젼1단지,111,0
6093,9788,당산삼성래미안4차,122,2
6093,9790,당산삼성래미안4차,161,0
6094,9793,문래힐스테이트,149A,0
6094,9795,문래힐스테이트,168,0
6095,9798,부천범박힐스테이트6단지,96,2
6097,9799,플루리움2단지,107,0
6097,9800,플루리움2단지,151,0
6097,9801,플루리움2단지,162,0
6097,9802,플루리움2단지,193,3
6098,9803,안산고잔푸르지오3차,106,2
6098,9804,안산고잔푸르지오3차,124,0
6098,9807,안산고잔푸르지오3차,91,0
6099,9808,망포마을벽산이빌리지,107,6
6099,9809,망포마을벽산이빌리지,142,0
6099,9810,망포마을벽산이빌리지,95,0
6100,147585,대방1차e편한세상,105,2
6101,34324,순영웰라이빌,107,0
6102,9812,일산현대홈타운3차,103,2
6102,9813,일산현대홈타운3차,145,2
6102,9814,일산현대홈타운3차,77,0
6103,9815,은행마을1단지동문굿모닝힐,113,0
6103,9816,은행마을1단지동문굿모닝힐,86,0
6103,9817,은행마을1단지동문굿모닝힐,99,0
6104,9818,교동마을현대홈타운,114,3
6104,9819,교동마을현대홈타운,156,0
6104,9820,교동마을현대홈타운,186,3
6105,9822,갈천마을신일유토빌,110,0
6105,9823,갈천마을신일유토빌,125,0
6105,9824,갈천마을신일유토빌,148,1
6106,9825,녹원마을새천년그린빌2단지,79,0
6107,9826,파크시엘,102,0
6107,9827,파크시엘,108,0
6107,9828,파크시엘,122,0
6108,9831,기흥파크뷰,107,2
6108,9835,기흥파크뷰,95,0
6109,9836,월곡두산위브,109B,0
6109,9837,월곡두산위브,110C,0
6109,9838,월곡두산위브,109A,0
6109,9839,월곡두산위브,109NS,1
6109,9840,월곡두산위브,140,1
6109,9841,월곡두산위브,82,0
6110,9843,신림신도브래뉴,106,0
6111,20593,한솔강변마을,76,1
6111,20594,한솔강변마을,109A,5
6111,20596,한솔강변마을,109C,0
6114,93347,파크뷰,108,2
6114,93349,파크뷰,177A,0
6115,93365,아이파크분당1단지,99,0
6115,93367,아이파크분당1단지,181,0
6115,93373,아이파크분당1단지,214B,0
6115,93374,아이파크분당1단지,214C,0
6115,93378,아이파크분당1단지,243,0
6117,9849,동양엔파트,107,0
6117,9851,동양엔파트,108B,0
6118,9852,경남아너스빌,108,2
6119,34326,방학브라운스톤,109B,0
6121,23435,현대모닝사이드,117,0
6121,23437,현대모닝사이드,192,2
6122,23235,솔빛마을주공1차,101,0
6122,23236,솔빛마을주공1차,108A,4
6122,23239,솔빛마을주공1차,56,0
6122,23240,솔빛마을주공1차,72,0
6122,23242,솔빛마을주공1차,88B,0
6122,23243,솔빛마을주공1차,88C,0
6122,23244,솔빛마을주공1차,88D,0
6122,23245,솔빛마을주공1차,88E,0
6122,23246,솔빛마을주공1차,88F,0
6123,166155,건영캐스빌,81,0
6123,166156,건영캐스빌,112,1
6124,21521,한신휴,115B,2
6124,21523,한신휴,164,1
6124,21524,한신휴,88,0
6125,25081,우성2차,107,1
6125,25082,우성2차,119,0
6126,22850,인천신흥대림,107,0
6128,9857,동양2차,105,0
6128,9858,동양2차,142,0
6128,9859,동양2차,80,1
6129,9860,광주산이벽산블루밍,105,2
6130,9861,대주파크빌2차,107,6
